City_ID,City,Lat,Lng,Max Temp,Humidity,Cloudiness,Wind Speed,Country,Date
0,lupane,-18.9315,27.807,7.32,47,0,2.26,ZW,1687832060
1,adamstown,-25.066,-130.1015,21.78,80,22,9.35,PN,1687832060
2,karymskoye,51.6167,114.35,17.89,92,100,0.84,RU,1687832060
3,minas de marcona,-15.2119,-75.1103,12.36,87,55,5.6,PE,1687832060
4,midvagur,62.0511,-7.1939,10.46,93,75,1.54,FO,1687832061
5,waitangi,-43.9535,-176.5597,12.12,90,100,5.81,NZ,1687831773
6,nar'yan-mar,67.6713,53.087,8.86,85,100,2.21,RU,1687832061
7,mossel bay,-34.1831,22.146,12.96,89,78,9.2,ZA,1687832061
8,kerikeri,-35.2268,173.9474,13.97,79,45,4.08,NZ,1687832061
9,al ghayzah,16.2079,52.176,27.75,85,100,2.37,YE,1687832063
10,edinburgh of the seven seas,-37.0676,-12.3116,15.76,94,100,16.06,SH,1687832063
11,margaret river,-33.95,115.0667,11.91,76,100,1.47,AU,1687832064
12,albany,42.6001,-73.9662,19.96,94,100,1.34,US,1687831201
13,sao jose da coroa grande,-8.8978,-35.1478,23.89,88,74,4.86,BR,1687832064
14,kidatu,-7.6992,36.9572,16.78,82,2,1.07,TZ,1687832064
15,grytviken,-54.2811,-36.5092,-3.75,95,100,1.85,GS,1687832065
16,afaahiti,-17.75,-149.2833,27.93,76,11,6.95,PF,1687832065
17,eisenach,50.9833,10.3167,14.95,72,100,2.04,DE,1687832065
18,isafjordur,66.0755,-23.124,10.76,76,13,2.27,IS,1687832065
19,vorgashor,67.5833,63.95,8.96,78,100,3.63,RU,1687832065
20,stanley,54.868,-1.6985,12.09,88,0,0.51,GB,1687832066
21,la sarre,48.8002,-79.1996,15.84,98,100,4.49,CA,1687831777
22,wailua homesteads,22.0669,-159.378,28.24,75,75,8.23,US,1687831777
23,port mathurin,-19.6833,63.4167,22.49,61,54,5.11,MU,1687831777
24,bethel,41.3712,-73.414,22.2,88,20,1.54,US,1687831855
25,malanje,-9.5402,16.341,13.89,91,2,1.71,AO,1687831777
26,port douglas,-16.4833,145.4667,24.99,70,94,5.82,AU,1687832067
27,tiksi,71.6872,128.8694,13.31,47,24,3.68,RU,1687832067
28,sinabang,2.4803,96.3801,27.26,79,57,0.21,ID,1687832067
29,ushuaia,-54.8,-68.3,-3.19,74,0,3.6,AR,1687832068
30,thompson,55.7435,-97.8558,19.09,34,40,1.54,CA,1687832068
31,constantia,44.1833,28.65,19.38,68,0,5.61,RO,1687831779
32,kashgar,39.4547,75.9797,26.56,23,93,3.89,CN,1687831779
33,coquimbo,-29.9533,-71.3436,13.85,100,100,2.57,CL,1687831996
34,gisborne,-38.6533,178.0042,13.74,75,3,2.21,NZ,1687831990
35,utrik,11.2278,169.8474,28.09,81,16,9.11,MH,1687832069
36,udachny,66.4167,112.4,19.14,39,22,7.0,RU,1687832069
37,papatowai,-46.5619,169.4708,11.66,83,100,2.82,NZ,1687832069
38,georgetown,5.4112,100.3354,30.96,73,20,0.51,MY,1687832070
39,kailua-kona,19.6406,-155.9956,28.98,76,40,3.6,US,1687831938
40,puerto natales,-51.7236,-72.4875,1.53,99,100,3.01,CL,1687832070
41,amarante do maranhao,-5.5667,-46.7422,22.69,56,23,1.69,BR,1687832070
42,talnakh,69.4865,88.3972,14.56,52,92,2.25,RU,1687832070
43,runaway bay,18.4596,-77.3357,27.21,81,100,3.25,JM,1687831711
44,castillos,-34.1667,-53.8333,14.37,95,100,3.13,UY,1687832071
45,saint-philippe,-21.3585,55.7679,17.77,60,0,2.79,RE,1687831783
46,balykshi,47.0667,51.8667,18.0,52,0,4.0,KZ,1687832071
47,borogontsy,62.6683,131.1683,29.65,45,100,0.88,RU,1687832072
48,carnarvon,-24.8667,113.6333,13.75,50,0,10.97,AU,1687832072
49,nemuro,43.3236,145.575,15.37,91,39,7.85,JP,1687831784
50,port-aux-francais,-49.35,70.2167,2.37,99,100,17.18,TF,1687832072
51,olonkinbyen,70.9221,-8.7187,5.84,89,11,5.39,SJ,1687831784
52,shache,38.4167,77.2406,27.73,24,5,3.19,CN,1687832073
53,lazaro cardenas,17.9583,-102.2,27.53,84,98,4.78,MX,1687832073
54,yellowknife,62.456,-114.3525,18.06,57,7,4.55,CA,1687831809
55,iqaluit,63.7506,-68.5145,4.85,75,75,1.54,CA,1687832073
56,yemetsk,63.4721,41.7941,15.93,66,24,1.23,RU,1687832074
57,sumbe,-11.2061,13.8437,19.4,84,85,3.66,AO,1687831785
58,west island,-12.1568,96.8225,26.99,69,40,5.66,CC,1687832074
59,escalquens,43.5174,1.5589,20.84,80,16,2.65,FR,1687832074
60,bilibino,68.0546,166.4372,17.38,43,16,10.68,RU,1687832074
61,blackmans bay,-43.0167,147.3167,12.51,63,64,3.03,AU,1687832075
62,nong kung si,16.65,103.3,30.32,76,100,1.19,TH,1687832075
63,kyzyl-suu,42.3414,78.0056,16.36,47,0,0.76,KG,1687832075
64,puerto ayora,-0.7393,-90.3518,25.31,91,72,1.34,EC,1687831787
65,iskateley,67.6803,53.1512,8.88,85,100,2.21,RU,1687831787
66,shenjiamen,29.9576,122.298,24.64,94,100,6.11,CN,1687832076
67,tabou,4.423,-7.3528,24.25,75,100,3.69,CI,1687832076
68,sitka,57.0531,-135.33,13.94,88,100,7.2,US,1687832076
69,fortuna,40.5982,-124.1573,13.7,94,100,4.12,US,1687831581
70,puerto ayacucho,5.6639,-67.6236,24.87,91,99,1.26,VE,1687832077
71,haenam,34.5711,126.5989,23.55,90,99,4.02,KR,1687832077
72,klyuchi,52.2667,79.1667,21.55,38,90,5.72,RU,1687832077
73,portland,45.5234,-122.6762,27.38,46,75,4.12,US,1687831781
74,gadzhiyevo,69.2551,33.3362,7.64,88,89,0.9,RU,1687832077
75,kununurra,-15.7667,128.7333,25.99,53,100,5.66,AU,1687831901
76,nova vicosa,-17.8919,-39.3719,21.42,77,5,1.57,BR,1687831790
77,buncrana,55.1333,-7.45,12.59,91,100,4.0,IE,1687832078
78,glace bay,46.1969,-59.957,10.71,92,100,5.66,CA,1687832078
79,bocanda,7.0626,-4.4995,21.26,98,97,1.62,CI,1687832079
80,hirara,24.8,125.2833,27.74,85,8,7.41,JP,1687831791
81,naranjal,-2.6667,-79.6167,25.05,90,74,1.06,EC,1687832079
82,riyadh,24.6877,46.7219,28.08,13,6,3.69,SA,1687831784
83,soma,39.1855,27.6094,18.74,87,0,3.26,TR,1687832080
84,chonchi,-42.6128,-73.8092,7.29,94,100,1.36,CL,1687832080
85,aasiaat,68.7098,-52.8699,3.27,90,100,1.72,GL,1687832080
86,krivosheino,57.3431,83.9261,15.23,77,98,3.24,RU,1687832080
87,chui,-33.6971,-53.4616,15.77,97,100,3.01,UY,1687832080
88,bazarak,35.3129,69.5152,21.16,47,0,0.22,AF,1687832081
89,rongelap,11.1635,166.8941,28.24,82,41,8.65,MH,1687832081
90,howard springs,-12.497,131.047,30.46,48,97,2.97,AU,1687831793
91,sao vicente,-23.9631,-46.3919,24.59,26,0,1.51,BR,1687831908
92,duque de caxias,-22.7856,-43.3117,22.71,60,0,1.27,BR,1687831888
93,ashland,40.8167,-82.2665,18.95,97,14,4.95,US,1687832082
94,winslow,35.0242,-110.6974,33.1,11,0,9.26,US,1687832082
95,st. john's,47.5649,-52.7093,5.64,93,20,2.06,CA,1687832012
96,magong,23.5654,119.5863,28.44,76,6,2.1,TW,1687832036
97,longyearbyen,78.2186,15.6401,6.91,87,75,6.17,SJ,1687831794
98,gamba,-2.65,10.0,22.37,92,100,3.44,GA,1687832083
99,keflavik,64.0049,-22.5624,10.95,93,75,3.09,IS,1687832083
100,mili,6.0815,171.735,28.52,76,96,7.57,MH,1687832083
101,hadibu,12.65,54.0333,25.77,81,100,12.28,YE,1687832083
102,scottburgh,-30.2867,30.7532,16.13,87,29,2.98,ZA,1687832084
103,hamilton,39.1834,-84.5333,21.91,83,75,4.12,US,1687831796
104,aykhal,66.0,111.5,17.51,37,59,7.18,RU,1687832084
105,hermanus,-34.4187,19.2345,14.33,84,100,9.81,ZA,1687831796
106,college,64.8569,-147.8028,20.88,47,75,2.57,US,1687832084
107,dudinka,69.4058,86.1778,14.79,56,100,2.47,RU,1687832085
108,nuuk,64.1835,-51.7216,4.34,93,40,8.23,GL,1687831903
109,bandipura,34.4167,74.65,20.97,78,60,0.65,IN,1687831797
110,qaqortoq,60.7167,-46.0333,4.25,87,92,3.23,GL,1687832085
111,port elizabeth,-33.918,25.5701,15.05,94,100,2.24,ZA,1687831797
112,gamboma,-1.8764,15.8644,23.28,84,100,1.5,CG,1687832087
113,tura,25.5198,90.2201,24.53,92,100,2.46,IN,1687831418
114,kapiri mposhi,-13.9652,28.6809,8.55,73,5,2.17,ZM,1687831798
115,akrehamn,59.2667,5.1833,13.89,88,75,10.8,NO,1687832087
116,fort st. john,56.2499,-120.8529,22.85,66,100,1.14,CA,1687832088
117,petropavlovsk-kamchatsky,53.0452,158.6483,25.33,53,0,2.0,RU,1687831799
118,itamarandiba,-17.8572,-42.8589,15.93,93,85,1.18,BR,1687832088
119,katsuura,35.1333,140.3,23.84,89,100,1.69,JP,1687832088
120,pahrump,36.2083,-115.9839,32.36,11,0,3.13,US,1687831360
121,bredasdorp,-34.5322,20.0403,13.25,90,91,8.32,ZA,1687832089
122,hammerfest,70.6634,23.6821,9.25,100,75,5.14,NO,1687832089
123,puerto del rosario,28.5004,-13.8627,25.86,61,0,3.09,ES,1687832089
124,illela,13.7292,5.2975,28.86,47,89,3.4,NG,1687831800
125,calvinia,-31.4707,19.776,9.84,85,100,5.23,ZA,1687832090
126,chimbote,-9.0853,-78.5783,20.9,83,88,5.38,PE,1687831379
127,avarua,-21.2078,-159.775,26.03,78,0,2.57,CK,1687831872
128,hawaiian paradise park,19.5933,-154.9731,25.73,76,100,3.6,US,1687831801
129,puno,-15.8333,-70.0333,4.41,41,1,1.78,PE,1687832091
130,envira,-7.3,-70.2167,24.02,85,100,0.85,BR,1687831802
131,ahmadpur sial,30.6754,71.7483,30.76,59,23,2.09,PK,1687832091
132,siwa oasis,29.2041,25.5195,26.5,45,0,2.75,EG,1687832091
133,kungsbacka,57.4872,12.0761,16.21,82,100,8.94,SE,1687832091
134,san pedro,14.35,121.0167,31.29,79,40,3.13,PH,1687832092
135,the pas,53.8251,-101.2541,20.01,49,0,4.63,CA,1687832092
136,tazovsky,67.4667,78.7,9.2,71,100,1.36,RU,1687832092
137,tevriz,57.509,72.4042,13.63,77,100,4.08,RU,1687832092
138,ust-nera,64.5667,143.2,26.98,43,78,1.19,RU,1687831805
139,kidal,18.4411,1.4078,32.19,32,13,2.69,ML,1687832093
140,misratah,32.3754,15.0925,23.58,81,0,3.14,LY,1687832093
141,taltal,-25.4,-70.4833,17.06,75,0,1.75,CL,1687832093
142,twon-brass,4.3151,6.2418,25.08,87,100,5.02,NG,1687831806
143,rio gallegos,-51.6226,-69.2181,3.03,87,100,5.66,AR,1687832094
144,taroa,8.7058,171.2275,28.5,74,100,7.52,MH,1687831807
145,geraldton,-28.7667,114.6,11.23,71,0,4.63,AU,1687831908
146,bamboo flat,11.7,92.7167,30.05,79,75,4.12,IN,1687832094
147,pointe-noire,-4.7761,11.8635,21.37,95,40,2.79,CG,1687832095
148,tecamachalco,18.8833,-97.7333,16.3,72,50,2.82,MX,1687831818
149,thabazimbi,-24.5917,27.4116,11.71,40,0,1.3,ZA,1687831808
150,brak,27.5496,14.2714,28.28,29,0,4.87,LY,1687832095
151,ribeira grande,38.5167,-28.7,18.76,88,4,1.34,PT,1687832095
152,pilar,-9.5972,-35.9567,20.96,90,100,2.08,BR,1687831961
153,san jose del guaviare,2.5729,-72.6459,23.04,96,57,0.7,CO,1687832096
154,christchurch,-43.5333,172.6333,12.17,84,75,5.66,NZ,1687831210
155,port alfred,-33.5906,26.891,13.99,92,100,2.24,ZA,1687832096
156,impfondo,1.6381,18.0667,21.19,99,84,1.05,CG,1687832096
157,ifrane,33.3333,-5.25,22.2,20,0,7.57,MA,1687831809
158,peace river,56.2501,-117.286,24.17,60,75,4.12,CA,1687832097
159,soio,-6.1349,12.3689,20.89,93,26,3.26,AO,1687832097
160,atafu village,-8.5421,-172.5159,28.47,79,100,7.55,TK,1687832097
161,san antonio de pale,-1.4014,5.6325,24.06,80,0,3.31,GQ,1687832097
162,ghat,24.9647,10.1728,29.23,16,9,1.87,LY,1687832098
163,mbala,-8.8402,31.3659,10.79,84,5,3.02,ZM,1687832098
164,las tablas,7.7667,-80.2833,24.46,93,100,0.27,PA,1687831811
165,alofi,-19.0595,-169.9187,24.57,74,41,4.37,NU,1687831811
166,conceicao da barra,-18.5933,-39.7322,20.4,83,1,1.27,BR,1687832098
167,nur-sultan,51.1801,71.446,13.97,77,75,9.0,KZ,1687832099
168,cabo san lucas,22.8909,-109.9124,30.9,70,0,4.63,MX,1687831915
169,kingston,17.997,-76.7936,29.53,80,20,5.14,JM,1687831857
170,lorengau,-2.0226,147.2712,28.29,82,82,5.1,PG,1687831812
171,cidreira,-30.1811,-50.2056,18.96,82,0,2.42,BR,1687831813
172,laojunmiao,39.8333,97.7333,17.47,25,100,1.94,CN,1687832100
173,yuzhno-kurilsk,44.0306,145.8556,17.13,81,40,6.69,RU,1687832100
174,son la,21.3167,103.9,25.05,81,71,1.33,VN,1687832100
175,yanykurgan,43.915,67.2481,25.4,34,8,3.5,KZ,1687831814
176,gaigeturi,33.4644,126.3183,27.03,89,100,4.63,KR,1687832101
177,verkhnevilyuysk,63.4453,120.3167,19.1,42,29,3.47,RU,1687832101
178,emmett,43.8735,-116.4993,22.94,42,100,2.57,US,1687832101
179,labrador city,52.9463,-66.9114,14.95,63,75,5.14,CA,1687832101
180,as sulayyil,20.4607,45.5779,29.14,13,0,2.85,SA,1687832102
181,i-n-salah,27.1935,2.4607,32.25,27,65,2.37,DZ,1687832102
182,ketchikan,55.3422,-131.6461,17.26,82,100,3.6,US,1687831815
183,yreka,41.7354,-122.6345,27.1,28,0,9.77,US,1687832103
184,smithers,54.7804,-127.1743,25.18,41,40,4.63,CA,1687832103
185,bambanglipuro,-7.95,110.2833,26.3,77,99,3.76,ID,1687832103
186,viana do castelo,41.6932,-8.8329,18.16,85,0,4.39,PT,1687832103
187,beyneu,45.3167,55.2,22.59,31,5,1.65,KZ,1687832104
188,rio grande,-32.035,-52.0986,19.17,91,71,2.89,BR,1687831988
189,okakarara,-20.5833,17.4333,7.11,73,0,3.47,NA,1687831817
190,ilulissat,69.2167,-51.1,12.01,47,20,7.2,GL,1687832105
191,el calafate,-50.3408,-72.2768,0.88,96,100,1.06,AR,1687832105
192,lautoka,-17.6167,177.4667,25.92,53,75,3.6,FJ,1687832105
193,vilyuysk,63.7553,121.6247,17.94,43,90,3.35,RU,1687832105
194,guatrache,-37.6678,-63.5302,10.91,44,89,2.48,AR,1687832106
195,mount pearl,47.5166,-52.7813,5.18,92,20,2.06,CA,1687832106
196,santa elena de uairen,4.6167,-61.1333,20.01,94,100,1.49,VE,1687832106
197,whitehorse,60.7161,-135.0538,16.84,70,100,8.05,CA,1687832001
198,cabedelo,-6.9811,-34.8339,23.37,84,89,4.13,BR,1687832107
199,kem',64.9555,34.5793,13.69,79,96,3.29,RU,1687832107
200,alakurtti,66.9672,30.3491,13.25,92,86,0.93,RU,1687832107
201,grantsville,40.5999,-112.4644,27.52,19,0,1.54,US,1687832107
202,mahajanga,-15.7167,46.3167,20.02,68,75,2.94,MG,1687832107
203,gweru,-19.45,29.8167,6.97,44,0,2.74,ZW,1687832108
204,mokhsogollokh,61.4681,128.9203,22.28,81,100,0.7,RU,1687832108
205,puerto iguazu,-25.5991,-54.5736,18.62,84,0,2.06,AR,1687831821
206,bereznehuvate,47.3078,32.8499,14.12,85,0,3.17,UA,1687832109
207,invercargill,-46.4,168.35,10.85,85,18,0.44,NZ,1687832109
208,alushta,44.6667,34.4167,20.66,83,10,4.25,UA,1687832109
209,badger,64.8,-147.5333,20.84,46,75,2.57,US,1687832110
210,medea,36.2642,2.7539,20.17,27,0,1.18,DZ,1687832110
211,shingu,33.7333,135.9833,29.31,68,100,2.86,JP,1687832110
212,barras,-4.2444,-42.2944,24.23,76,77,0.63,BR,1687832110
213,kenai,60.5544,-151.2583,13.05,73,100,2.57,US,1687832111
214,gulf shores,30.246,-87.7008,29.21,77,0,3.09,US,1687831823
215,callao,-12.0667,-77.15,21.16,73,100,5.14,PE,1687831823
216,island harbour,50.724,-1.2758,16.07,83,91,2.83,GB,1687832111
217,touros,-5.1989,-35.4608,24.13,86,87,3.31,BR,1687831932
218,saint-pierre,-21.3393,55.4781,17.82,52,0,4.63,RE,1687832112
219,zalegoshch',52.9008,36.8869,12.63,95,100,6.13,RU,1687832112
220,meadow lakes,61.6247,-149.6011,15.69,71,100,3.09,US,1687832112
221,pontianak,-0.0333,109.3333,27.99,83,40,2.06,ID,1687832112
222,rawai,7.7797,98.3253,30.55,99,100,5.8,TH,1687832113
223,paracuru,-3.41,-39.0306,26.73,88,51,3.66,BR,1687832113
224,sirte,31.2089,16.5887,22.85,88,0,3.27,LY,1687831825
225,anadyr,64.75,177.4833,14.28,72,100,2.0,RU,1687832113
226,al bayda',32.7627,21.7551,18.17,95,64,4.04,LY,1687831825
227,jamestown,42.097,-79.2353,19.77,81,100,3.6,US,1687831911
228,lampazos de naranjo,27.0167,-100.5167,35.6,23,0,6.62,MX,1687832114
229,kudahuvadhoo,2.6708,72.8944,27.93,75,100,4.65,MV,1687832114
230,pudasjarvi,65.3833,26.9167,14.64,86,96,1.09,FI,1687832114
231,saldanha,-33.0117,17.9442,13.03,87,100,3.37,ZA,1687832115
232,east london,-33.0153,27.9116,15.44,85,100,7.57,ZA,1687832115
233,hola,51.5377,23.1902,17.1,100,100,2.61,PL,1687832115
234,acarau,-2.8856,-40.12,24.88,83,26,5.24,BR,1687832115
235,oboyan',51.2098,36.2792,12.22,99,100,3.11,RU,1687832116
236,at taj,24.2049,23.2857,26.91,26,0,4.35,LY,1687832116
237,tomarza,38.4472,35.7992,8.8,62,2,1.04,TR,1687831828
238,broome,42.2506,-75.833,20.51,90,100,1.34,US,1687832116
239,uturoa,-16.7333,-151.4333,27.22,70,0,6.77,PF,1687832116
240,buala,-8.145,159.5921,27.99,67,58,5.5,SB,1687831829
241,truckee,39.328,-120.1833,19.76,57,30,1.34,US,1687832117
242,igarka,67.4667,86.5833,13.48,58,7,3.58,RU,1687832117
243,mount gambier,-37.8333,140.7667,9.35,98,100,2.94,AU,1687832117
244,bikenibeu village,1.3673,173.1241,29.98,79,75,1.03,KI,1687832117
245,la ronge,55.1001,-105.2842,17.13,61,100,2.38,CA,1687831830
246,kavaratti,10.5669,72.642,26.29,85,100,10.91,IN,1687831830
247,port blair,11.6667,92.75,30.02,79,75,4.12,IN,1687832118
248,san andres,12.5847,-81.7006,27.4,78,100,4.74,CO,1687832118
249,san jose de feliciano,-30.3845,-58.7517,22.8,70,100,2.39,AR,1687831830
250,cidade velha,14.9167,-23.6167,24.26,78,40,4.12,CV,1687832119
251,santa rosalia,27.3167,-112.2833,31.17,38,1,1.41,MX,1687832119
252,yazd,31.8972,54.3675,27.7,19,0,0.43,IR,1687831919
253,vadso,70.0744,29.7487,9.09,100,100,2.06,NO,1687831831
254,punta arenas,-53.15,-70.9167,1.06,75,75,6.69,CL,1687832119
255,turbat,26.0023,63.044,28.61,70,64,1.33,PK,1687832120
256,kalmunai,7.4167,81.8167,27.67,74,99,0.94,LK,1687832120
257,alexandria,31.2156,29.9553,21.3,79,0,3.2,EG,1687832120
258,plettenberg bay,-34.0527,23.3716,13.97,88,88,6.71,ZA,1687832120
259,saipan,15.1355,145.701,29.39,100,75,5.66,MP,1687832120
260,maintirano,-18.0667,44.0167,18.11,71,5,3.34,MG,1687831833
261,ulsteinvik,62.3432,5.8487,16.61,95,100,0.89,NO,1687832121
262,horta,38.5333,-28.6333,18.34,88,8,1.34,PT,1687832121
263,sao paulo de olivenca,-3.3783,-68.8725,22.9,97,100,0.22,BR,1687831834
264,flying fish cove,-10.4217,105.6791,24.82,83,100,5.14,CX,1687832122
265,dauphin,51.1494,-100.0502,17.08,88,20,0.0,CA,1687832122
266,mahibadhoo,3.7833,72.9667,27.27,79,100,4.87,MV,1687832122
267,kruisfontein,-34.0033,24.7314,13.82,91,100,6.67,ZA,1687832122
268,tual,-5.6667,132.75,27.12,83,69,4.43,ID,1687832123
269,mata-utu,-13.2816,-176.1745,27.52,76,65,5.19,WF,1687831902
270,kendari,-3.945,122.4989,29.67,67,43,1.48,ID,1687832123
271,pingliang,35.5392,106.6861,25.02,55,100,6.41,CN,1687832123
272,camargo,27.6667,-105.1667,34.62,12,8,8.29,MX,1687831836
273,ulladulla,-35.35,150.4667,16.77,38,53,1.02,AU,1687832124
274,margate,51.3813,1.3862,15.39,72,89,1.34,GB,1687832124
275,gaspe,48.8334,-64.4819,11.12,93,100,4.12,CA,1687832042
276,tolanaro,-25.0319,46.9987,18.39,79,74,2.99,MG,1687832124
277,lerwick,60.1545,-1.1494,12.0,93,0,4.01,GB,1687831837
278,lebu,-37.6167,-73.65,11.02,90,95,4.91,CL,1687832125
279,ebaye,8.7748,167.7392,28.45,77,81,8.62,MH,1687831837
280,salalah,17.0151,54.0924,28.05,89,75,2.57,OM,1687831948
281,sarina,-21.4333,149.2167,24.51,56,68,2.43,AU,1687832125
282,leer,53.2316,7.461,13.3,90,10,3.45,DE,1687832125
283,necochea,-38.5473,-58.7368,9.64,59,64,4.44,AR,1687831867
284,lompoc,34.6391,-120.4579,18.77,82,4,4.02,US,1687831838
285,masina,-4.3836,15.3914,20.65,92,59,1.42,CD,1687832126
286,nagqu,31.5,92.0,6.04,83,100,4.71,CN,1687832126
287,baukau,51.5526,7.2042,15.72,73,87,2.24,DE,1687832127
288,monrovia,6.3005,-10.7969,24.99,85,100,5.69,LR,1687832127
289,pont rouge,48.8833,-72.0825,18.16,69,100,6.86,CA,1687832127
290,pisco,-13.7,-76.2167,18.03,82,0,4.63,PE,1687832065
291,champua,22.0833,85.6667,24.33,92,100,4.06,IN,1687832127
292,timimoun,29.2639,0.231,30.21,11,45,3.09,DZ,1687832128
293,mount sterling,38.0565,-83.9433,20.03,88,75,1.54,US,1687831865
294,urzhar,47.093,81.6294,24.01,23,100,4.24,KZ,1687832128
295,kingscliff,-28.2667,153.5667,21.52,26,39,4.63,AU,1687832128
296,villablino,42.9393,-6.3194,15.46,94,8,1.42,ES,1687831841
297,egilsstadir,65.2653,-14.3948,6.95,87,0,3.6,IS,1687832129
298,nezhinka,51.7676,55.3694,12.09,76,0,7.15,RU,1687832129
299,bom jesus da lapa,-13.255,-43.4181,21.48,56,28,2.61,BR,1687832129
300,tromso,69.6496,18.957,10.21,87,0,5.14,NO,1687831892
301,sandnessjoen,66.0217,12.6316,15.29,71,83,7.24,NO,1687832130
302,holyhead,53.3062,-4.6321,15.0,88,75,6.69,GB,1687832130
303,dahlen,51.3667,13.0,15.8,85,100,4.83,DE,1687831825
304,tamanrasset,22.785,5.5228,23.95,29,0,1.54,DZ,1687832130
305,taksimo,56.3444,114.8794,25.44,47,11,2.35,RU,1687832130
306,churapcha,62.0025,132.4325,29.39,44,100,2.06,RU,1687831939
307,megion,61.0296,76.1136,15.01,59,19,2.32,RU,1687831966
308,karasuk,53.7377,78.0403,19.42,44,36,9.26,RU,1687832131
309,bakanas,44.8081,76.2772,26.24,31,0,9.03,KZ,1687832131
310,dodoma,-6.1722,35.7395,15.28,70,13,3.49,TZ,1687832083
311,gassol,8.5333,10.4667,22.91,90,29,1.76,NG,1687832131
312,pangody,65.85,74.4859,13.5,54,98,1.77,RU,1687832132
313,beidao,34.5686,105.8933,24.81,62,100,6.36,CN,1687831844
314,cateel,7.7914,126.4533,29.83,68,100,1.41,PH,1687832132
315,bata,1.8639,9.7658,24.4,88,100,4.15,GQ,1687831845
316,o rosal,41.9354,-8.8368,17.53,87,0,4.76,ES,1687832132
317,waingapu,-9.6567,120.2641,28.45,67,36,0.77,ID,1687832133
318,illushi,6.6667,6.6308,22.71,97,98,1.7,NG,1687832134
319,la'ie,21.6477,-157.9253,30.98,65,2,2.68,US,1687831845
320,severo-yeniseyskiy,60.3725,93.0408,11.75,61,100,3.16,RU,1687832134
321,santa ana de yacuma,-13.75,-65.4333,23.84,70,3,0.96,BO,1687831846
322,altpinar,39.2042,32.7478,15.46,73,0,2.23,TR,1687832135
323,howrah,22.5892,88.3103,28.0,89,100,4.12,IN,1687832135
324,jianshui,23.6363,102.8264,24.58,73,7,1.76,CN,1687832135
325,newman,37.3138,-121.0208,29.6,37,1,2.24,US,1687832135
326,el granada,37.5027,-122.4694,19.47,84,100,8.23,US,1687832136
327,enewetak,11.3474,162.3373,28.25,79,83,7.73,MH,1687832136
328,guanica,17.9716,-66.908,27.81,68,17,2.35,PR,1687832136
329,cedar city,37.6775,-113.0619,25.54,14,0,6.69,US,1687832134
330,lihue,21.9789,-159.3672,28.58,69,75,8.23,US,1687832136
331,usol'ye,59.4268,56.6808,13.13,69,64,1.6,RU,1687831848
332,pechora,65.1472,57.2244,10.11,70,100,3.46,RU,1687831848
333,alice,27.7523,-98.0697,31.69,65,0,7.3,US,1687831872
334,rechka-vydrino,51.485,104.8461,11.95,67,69,2.56,RU,1687832137
335,polyarnyy,69.1989,33.4478,7.74,87,90,1.11,RU,1687832137
336,bel air north,39.5543,-76.3731,23.73,91,98,2.24,US,1687832138
337,ingeniero jacobacci,-41.3427,-69.5448,4.07,74,100,3.26,AR,1687832138
338,valparaiso,-33.0393,-71.6273,11.8,100,75,1.03,CL,1687831850
339,sale,34.0389,-6.8166,32.58,46,0,0.0,MA,1687832138
340,gostyn,51.8825,17.0123,17.82,94,100,4.38,PL,1687832138
341,lakota,5.8528,-5.6883,19.78,96,100,1.02,CI,1687832139
342,baoshan,46.5586,131.4244,29.61,41,97,4.65,CN,1687832139
343,tongchuanshi,35.0806,109.0897,28.67,51,50,4.19,CN,1687832139
344,selfoss,63.9331,-20.9971,10.02,90,39,1.9,IS,1687832140
345,kindu,-2.95,25.95,20.51,97,15,0.71,CD,1687832140
346,page,36.9147,-111.4558,33.88,7,0,6.71,US,1687832140
347,salahonda,2.1019,-78.7217,26.92,78,13,2.36,CO,1687832141
348,vila franca do campo,37.7167,-25.4333,20.23,92,80,3.66,PT,1687832141
349,ancud,-41.8697,-73.8203,8.11,86,100,2.74,CL,1687832141
350,fang,19.9169,99.2145,26.24,85,75,0.95,TH,1687832141
351,jiuquan,39.7432,98.5174,20.85,18,100,1.46,CN,1687832141
352,pacific grove,36.6177,-121.9166,21.12,85,100,4.12,US,1687831853
353,carutapera,-1.195,-46.02,23.65,94,51,2.4,BR,1687832142
354,santa terezinha,-29.9002,-50.0904,18.85,79,0,2.46,BR,1687831854
355,sanctuary point,-35.1114,150.629,19.07,38,70,1.96,AU,1687832142
356,barra de santo antonio,-9.4047,-35.5072,21.6,84,100,4.69,BR,1687832142
357,moyynkum,44.2914,72.9469,27.25,16,0,5.0,KZ,1687832143
358,happy valley-goose bay,53.3168,-60.3315,19.17,42,75,2.57,CA,1687832143
359,cody,44.5263,-109.0565,16.47,71,100,0.45,US,1687832143
360,puerto baquerizo moreno,-0.9,-89.6,24.49,80,90,5.08,EC,1687831943
361,tchintabaraden,15.8969,5.7985,30.65,45,100,6.62,NE,1687831856
362,notodden,59.5594,9.2585,15.53,92,100,0.4,NO,1687832144
363,guiratinga,-16.3494,-53.7583,18.45,36,0,2.15,BR,1687832144
364,puerto leguizamo,-0.1934,-74.7819,22.09,98,62,0.75,CO,1687832144
365,arkhangel'sk,64.5401,40.5433,15.78,71,77,1.45,RU,1687832144
366,sisimiut,66.9395,-53.6735,4.9,78,52,4.4,GL,1687831858
367,magadan,59.5667,150.8,22.52,77,67,3.46,RU,1687832145
368,baotou,40.6522,109.8222,27.06,31,100,4.6,CN,1687832145
369,tyre,33.2733,35.1939,22.89,79,0,2.75,LB,1687831859
370,manakara,-22.1333,48.0167,14.98,93,19,1.97,MG,1687832146
371,farrukhnagar,17.0778,78.2011,23.84,76,100,6.12,IN,1687832146
372,mogocha,53.7333,119.7667,23.34,54,98,3.86,RU,1687832146
373,namibe,-15.1961,12.1522,15.18,80,0,3.78,AO,1687831859
374,long beach,33.767,-118.1892,26.08,74,0,5.66,US,1687831397
375,challapata,-18.9,-66.7667,5.62,18,54,1.42,BO,1687832147
376,luderitz,-26.6481,15.1594,12.61,91,65,8.64,NA,1687831860
377,bethanie,-26.4833,17.15,6.47,82,0,4.17,NA,1687832147
378,remire-montjoly,4.9167,-52.2667,24.02,100,75,0.0,GF,1687832148
379,gebeit,21.0667,36.3167,27.86,26,1,1.66,SD,1687832148
380,grand falls-windsor,48.9332,-55.6649,11.95,82,94,2.05,CA,1687831861
381,drayton valley,53.2168,-114.9854,18.18,85,100,2.98,CA,1687832152
382,haiku-pauwela,20.9219,-156.3051,28.01,61,20,11.32,US,1687832152
383,charters towers,-20.1,146.2667,27.28,39,1,4.97,AU,1687832153
384,crane,31.3974,-102.3501,37.76,12,8,11.13,US,1687832153
385,kavieng,-2.5744,150.7967,28.7,77,70,9.02,PG,1687832154
386,aswan,24.0934,32.907,28.11,15,0,4.3,EG,1687831863
387,kuanda,56.3161,116.0806,26.63,41,4,3.46,RU,1687831863
388,manggar,-2.8833,108.2667,28.85,71,3,4.27,ID,1687831863
389,jalapa,19.5333,-96.9167,17.45,98,39,0.71,MX,1687831470
390,mogok,22.9167,96.5,24.4,66,22,1.4,MM,1687831864
391,kodiak,57.79,-152.4072,10.73,76,100,5.14,US,1687832156
392,new norfolk,-42.7826,147.0587,13.17,72,67,2.61,AU,1687832157
393,shohimardon,39.9839,71.8028,20.43,47,0,0.79,UZ,1687832158
394,tengrela,10.4869,-6.4097,23.23,91,98,2.8,CI,1687832158
395,yanchep,-31.55,115.6833,11.74,61,0,2.3,AU,1687832158
396,kuqa,41.7278,82.9364,23.66,22,4,2.64,CN,1687832158
397,salinopolis,-0.6136,-47.3561,25.71,86,29,5.0,BR,1687832159
398,irymple,-34.25,142.1667,10.61,85,100,0.45,AU,1687832159
399,cochirleanca,45.2167,27.0333,17.62,58,12,1.74,RO,1687832159
400,brookings,44.3114,-96.7984,21.72,71,1,1.94,US,1687832106
401,boguchany,58.3814,97.4531,9.13,98,100,3.44,RU,1687832159
402,alice springs,-23.7,133.8833,12.75,71,100,0.0,AU,1687831866
403,ta`u,-14.2336,-169.5144,27.3,76,32,6.01,AS,1687831866
404,oranjemund,-28.55,16.4333,13.81,84,97,8.58,NA,1687832160
405,teterow,53.7833,12.5667,15.09,84,48,6.37,DE,1687832160
406,korla,41.7597,86.1469,23.8,28,0,5.31,CN,1687832161
407,kapuskasing,49.4169,-82.4331,15.05,58,100,4.63,CA,1687831867
408,zhezqazghan,47.7833,67.7667,13.32,62,0,4.0,KZ,1687831868
409,vernon,50.2581,-119.2691,30.52,33,31,1.79,CA,1687831650
410,pitiquito,30.7,-112.0833,38.58,8,3,5.4,MX,1687832161
411,leh,34.1667,77.5833,13.48,56,46,2.83,IN,1687832162
412,luwingu,-10.2621,29.9271,9.71,79,30,1.64,ZM,1687832162
413,colac,-38.3333,143.5833,12.32,77,100,5.08,AU,1687832162
414,villa emilio carranza,19.9667,-96.6,27.21,84,2,2.68,MX,1687832162
415,laayoune,27.1622,-13.2032,23.19,100,100,6.17,EH,1687832163
416,talcahuano,-36.7167,-73.1167,10.82,100,100,3.09,CL,1687832163
417,ulanhot,46.0833,122.0833,24.38,57,100,3.52,CN,1687832163
418,port lincoln,-34.7333,135.8667,13.65,71,100,2.81,AU,1687831570
419,arraial do cabo,-22.9661,-42.0278,21.55,92,0,8.82,BR,1687832164
420,san patricio,28.017,-97.5169,30.4,72,0,6.63,US,1687831857
421,plastun,44.7561,136.2939,24.4,59,100,4.68,RU,1687832165
422,viqueque,-8.8673,126.3658,29.55,69,96,2.22,TL,1687832165
423,moyale,3.5167,39.0584,18.29,82,100,4.44,KE,1687832165
424,karratha,-20.7377,116.8463,19.76,34,0,7.11,AU,1687831871
425,sarangani,5.4033,125.4636,28.68,73,12,3.11,PH,1687832167
426,laurinburg,34.7741,-79.4628,29.25,69,0,5.66,US,1687832167
427,baiti,13.745,-14.7482,27.69,70,71,3.96,SN,1687832167
428,ke-macina,13.9623,-5.3572,30.53,53,98,3.27,ML,1687832167
429,spring creek,40.7266,-115.5859,18.55,53,100,7.99,US,1687832167
430,prokhorovka,51.0374,36.7325,12.76,99,100,3.11,RU,1687832168
431,manokwari,-0.8667,134.0833,28.48,74,54,6.05,ID,1687832168
432,tangalle,6.024,80.7911,25.09,81,46,5.22,LK,1687831873
433,pocone,-16.2567,-56.6228,21.6,42,0,2.25,BR,1687832168
434,achinsk,56.2694,90.4993,16.24,60,5,2.13,RU,1687831874
435,vorkuta,67.5,64.0,9.35,78,100,3.68,RU,1687832169
436,walvis bay,-22.9575,14.5053,13.38,76,100,2.22,NA,1687832169
437,bonthe,7.5264,-12.505,24.65,90,100,2.69,SL,1687832169
438,lospalos,-8.5186,127.0025,27.84,66,84,2.39,TL,1687832169
439,guymon,36.6828,-101.4816,27.0,65,0,4.63,US,1687832069
440,roma,43.2128,-75.4557,20.92,84,40,3.6,US,1687831875
441,mineiros,-17.5694,-52.5511,16.11,50,0,1.98,BR,1687832170
442,nova praha,48.5682,32.9027,11.78,95,0,3.87,UA,1687832170
443,basco,20.4487,121.9702,27.65,84,100,6.56,PH,1687832170
444,mitsamiouli,-11.3847,43.2844,24.72,71,13,3.35,KM,1687831876
445,sur,22.5667,59.5289,29.27,74,90,5.32,OM,1687832094
446,staroaleyskoye,51.0061,82.0,19.28,40,100,6.55,RU,1687832171
447,anar darah,32.7587,61.654,26.51,17,0,6.07,AF,1687832171
448,guacamayas,18.0167,-102.2167,27.07,85,98,3.75,MX,1687832172
449,north battleford,52.7834,-108.2847,23.05,56,0,1.03,CA,1687832172
450,tomakomai,42.6369,141.6033,24.08,69,75,6.69,JP,1687832172
451,ghoti budrukh,19.7167,73.6333,22.07,93,100,2.99,IN,1687832172
452,rikaze,29.25,88.8833,16.32,36,54,2.14,CN,1687832172
453,fort bragg,35.139,-79.006,29.91,60,75,7.72,US,1687832173
454,la magdalena tetela morelos,19.05,-97.9411,17.51,68,78,2.66,MX,1687832173
455,preobrazheniye,42.9019,133.9064,17.77,98,100,5.08,RU,1687831939
456,tulagi,-9.0996,160.1476,27.21,67,74,6.94,SB,1687831879
457,tosontsengel,48.7567,98.2839,9.4,60,98,4.83,MN,1687832173
458,sotkamo,64.1333,28.4167,13.01,78,24,1.42,FI,1687832174
459,hengyang,26.8881,112.615,27.13,81,93,2.49,CN,1687831972
460,temiskaming shores,47.4938,-79.7153,16.81,98,100,3.0,CA,1687831880
461,buka,40.8108,69.1986,25.58,20,0,1.21,UZ,1687831880
462,caluula,11.9661,50.7569,30.15,64,100,2.21,SO,1687832174
463,holualoa,19.6228,-155.9522,26.91,76,40,3.6,US,1687832041
464,namtsy,62.7161,129.6658,22.12,78,100,1.6,RU,1687832175
465,mul,20.0667,79.6667,24.07,96,100,4.23,IN,1687832175
466,quthing,-30.4,27.7003,7.0,58,3,2.24,LS,1687832119
467,eagle,43.6954,-116.354,22.56,54,100,10.8,US,1687831882
468,cataguases,-21.3892,-42.6967,18.03,76,0,0.37,BR,1687832038
469,puerto colombia,10.9878,-74.9547,27.22,81,100,3.21,CO,1687831882
470,bowen,-20.0167,148.2333,23.62,70,16,3.43,AU,1687831883
471,kayangel,8.0823,134.7173,28.5,73,100,1.82,PW,1687832178
472,saqqez,36.2499,46.2735,18.25,37,0,0.97,IR,1687831883
473,saint-francois,46.4154,3.9054,13.15,88,0,0.0,FR,1687832178
474,melfort,52.8667,-104.6177,19.07,63,47,2.57,CA,1687832178
475,molochnoye,59.2917,39.6787,14.33,72,24,1.86,RU,1687832179
476,buurhakaba,2.8026,44.0781,21.11,93,88,4.63,SO,1687832179
477,urengoy,65.9667,78.3667,13.29,55,99,2.64,RU,1687831885
478,le port,-20.9373,55.2919,18.0,84,2,2.68,RE,1687832061
479,boca raton,26.3587,-80.0831,29.01,81,0,2.06,US,1687831717
480,taxisco,14.0708,-90.4631,24.73,90,99,0.59,GT,1687832153
481,auki,-8.7676,160.7034,28.27,64,69,4.17,SB,1687832181
482,ojai,34.4481,-119.2429,22.91,74,8,0.89,US,1687832181
483,muisne,0.6,-80.0333,25.69,82,19,1.48,EC,1687832182
484,kone,-21.0595,164.8658,23.91,52,52,2.92,NC,1687831886
485,wanning,18.8003,110.3967,30.48,69,98,3.18,CN,1687832182
486,pullman,46.7313,-117.1796,25.13,46,20,4.12,US,1687832087
487,venancio aires,-29.6064,-52.1919,18.57,85,5,2.29,BR,1687831887
488,big rapids,43.6981,-85.4837,15.74,93,100,3.6,US,1687832154
489,argostolion,38.1811,20.489,22.1,88,20,1.53,GR,1687832183
490,prado,-17.3411,-39.2208,20.8,84,39,1.44,BR,1687832183
491,port saint john's,-31.6229,29.5448,17.19,89,100,4.69,ZA,1687832183
492,yeppoon,-23.1333,150.7333,26.88,52,11,3.03,AU,1687831888
493,fada,9.5667,8.3,19.92,93,23,0.28,NG,1687832184
494,sovetskaya gavan',48.9723,140.2878,19.84,74,39,3.41,RU,1687832184
495,asau,46.4333,26.4,11.51,84,9,2.28,RO,1687831889
496,ad dabbah,18.05,30.95,30.41,15,1,4.97,SD,1687832184
497,hasaki,35.7333,140.8333,30.12,82,100,4.59,JP,1687832185
498,keetmanshoop,-26.5833,18.1333,8.18,78,65,4.07,NA,1687832185
499,al jabin,14.704,43.599,18.21,59,98,0.35,YE,1687832185
500,quibdo,5.6947,-76.6611,23.55,97,100,0.12,CO,1687832185
501,amga,60.8953,131.9608,29.9,47,100,1.39,RU,1687831940
502,kannus,63.9,23.9,12.52,89,99,1.76,FI,1687831890
503,zilupe,56.3862,28.1217,12.11,97,97,2.19,LV,1687832186
504,vuktyl,63.8567,57.3094,11.88,65,94,3.55,RU,1687832186
505,paita,-5.0892,-81.1144,22.88,82,60,6.85,PE,1687832117
506,dalbandin,28.8947,64.4101,29.69,56,14,1.69,PK,1687831891
507,abbeville,50.1,1.8333,14.98,94,100,3.18,FR,1687831892
508,luorong,24.4058,109.6086,23.25,97,100,0.38,CN,1687832187
509,el limon,10.3059,-67.6321,28.62,88,90,0.6,VE,1687832187
510,morant bay,17.8815,-76.4093,29.79,85,98,2.1,JM,1687832188
511,campo gallo,-26.5833,-62.85,21.69,56,0,1.81,AR,1687832188
512,nawabganj,24.5911,88.271,26.74,86,100,6.12,BD,1687832188
513,langsa,4.4683,97.9683,26.45,86,100,1.06,ID,1687831893
514,mogadishu,2.0371,45.3438,25.04,83,16,6.86,SO,1687832094
515,bogotol,56.2078,89.5342,15.23,67,13,2.94,RU,1687832189
516,taoudenni,22.6783,-3.9836,33.72,28,0,2.74,ML,1687831894
517,kisangani,0.5167,25.2,21.28,97,100,0.91,CD,1687832190
518,axim,4.8699,-2.2405,23.98,76,15,3.45,GH,1687832190
519,sao joao da barra,-21.6403,-41.0511,22.44,88,0,6.34,BR,1687832190
520,porto novo,6.4965,2.6036,24.9,77,100,4.64,BJ,1687832101
521,rio preto da eva,-2.6994,-59.6997,25.16,70,88,0.76,BR,1687831895
522,percut,3.6253,98.864,26.12,81,99,1.4,ID,1687831895
523,kotel'nikovo,47.6317,43.1461,18.18,91,100,7.03,RU,1687832191
524,crotone,39.0851,17.1178,22.33,70,0,3.3,IT,1687832069
525,vilyuchinsk,52.9306,158.4028,26.15,72,84,2.45,RU,1687831896
526,arteche,12.2645,125.4048,28.57,79,48,0.56,PH,1687832192
527,culiacan,24.7994,-107.3897,29.82,62,0,3.09,MX,1687831939
528,codrington,-38.2667,141.9667,11.44,84,100,6.0,AU,1687832192
529,coronel suarez,-37.4547,-61.9334,8.25,53,93,2.2,AR,1687832192
530,curillo,1.0333,-75.9191,22.27,94,13,0.1,CO,1687832192
531,sinop,41.7711,34.8709,15.49,92,4,2.04,TR,1687832193
532,sattahip,12.6664,100.9007,31.95,66,40,0.0,TH,1687831898
533,hithadhoo,-0.6,73.0833,27.87,76,100,4.28,MV,1687832193
534,labasa,-16.4167,179.3833,25.32,71,74,1.2,FJ,1687832193
535,ubari,26.5921,12.7805,29.33,18,0,3.82,LY,1687831898
536,velingara,13.15,-14.1167,25.44,84,98,2.29,SN,1687832194
537,murun-kuren,49.6342,100.1625,11.47,64,85,1.84,MN,1687831899
538,aripuana,-9.1667,-60.6333,24.08,61,4,0.83,BR,1687832194
539,mbandaka,0.0487,18.2603,20.65,98,70,0.53,CD,1687832194
540,guarapuava,-25.3953,-51.4581,10.07,94,0,1.04,BR,1687831900
541,konarka,19.9,86.1167,28.22,72,86,6.26,IN,1687832195
542,bereket,39.2446,55.5154,27.15,23,0,1.97,TM,1687832195
543,harstad,68.799,16.5293,16.8,88,54,3.58,NO,1687832195
544,bayan,46.0833,127.4,22.87,72,100,2.86,CN,1687832195
545,nazyvayevsk,55.5698,71.3529,12.69,91,100,8.39,RU,1687832196
546,pokhara,28.2333,83.9833,24.99,86,39,1.42,NP,1687832196
547,khandyga,62.6667,135.6,31.6,35,33,1.45,RU,1687831901
548,papao,-17.75,-149.55,28.82,73,0,7.36,PF,1687832120
549,pemangkat,1.1667,108.9667,28.77,66,7,2.59,ID,1687831902
550,san julian,21.0167,-102.1667,20.82,52,100,7.39,MX,1687832197
551,mao,39.8885,4.2658,22.31,78,0,2.06,ES,1687832197
552,smara,26.7384,-11.6719,24.79,64,4,5.54,EH,1687832197
553,den burg,53.0542,4.7972,17.21,77,100,4.12,NL,1687832198
554,dong ha,16.8163,107.1003,32.84,52,100,1.1,VN,1687832198
555,yarkovo,57.4028,67.0786,12.5,69,99,5.62,RU,1687832198
556,ar rutbah,33.0381,40.2848,23.13,30,0,3.98,IQ,1687831903
557,aldama,22.9167,-98.0667,30.83,83,1,2.57,MX,1687832199
558,amboise,47.4125,0.9827,16.3,77,0,1.03,FR,1687832199
559,tawau,4.2498,117.8871,31.07,72,25,1.52,MY,1687832199
560,san pedro pochutla,15.7333,-96.4667,27.06,88,44,1.08,MX,1687832199
561,pionerskiy,54.9508,20.2275,14.91,80,100,4.59,RU,1687832200
562,bailesti,44.0167,23.35,17.01,87,3,1.79,RO,1687832200
563,aioun,16.6614,-9.6149,31.08,47,97,5.91,MR,1687832200
564,guerrero negro,27.9769,-114.0611,18.51,73,0,9.81,MX,1687832200
565,sooke,48.3746,-123.7276,22.99,63,33,16.98,CA,1687831905
566,garoua boulai,5.8833,14.55,16.49,98,96,1.11,CM,1687831972
567,bugarama,-2.8706,30.5281,15.67,79,26,1.09,TZ,1687832201
568,tasqala,51.1167,50.3167,13.1,70,100,3.09,KZ,1687831906
569,visakhapatnam,17.69,83.2093,28.94,65,75,2.57,IN,1687831915
570,dinguiraye,11.3,-10.7167,23.1,84,99,0.94,GN,1687832202
571,thunder bay,48.4001,-89.3168,17.99,68,65,1.54,CA,1687832202
572,valle nacional,17.7833,-96.3167,23.58,96,14,1.48,MX,1687832202
573,saint-pol-sur-ternoise,50.3811,2.3341,13.98,93,96,2.96,FR,1687832203
574,labytnangi,66.6572,66.4183,13.39,80,29,3.06,RU,1687832203
575,springbok,-29.6643,17.8865,8.49,84,95,3.19,ZA,1687831908
576,okhotsk,59.3833,143.3,15.33,80,52,3.65,RU,1687832203
577,nova sintra,14.8667,-24.7167,20.7,80,5,4.83,CV,1687832204
578,amuntai,-2.4177,115.2494,30.95,59,5,0.49,ID,1687831908
579,harnai,30.1005,67.9374,29.66,55,47,1.18,PK,1687832204
580,nevada,39.2502,-116.7512,12.72,54,7,5.43,US,1687832204
581,uige,-7.6087,15.0613,15.79,98,15,0.9,AO,1687831909
582,menaka,15.9182,2.4022,31.88,37,100,3.39,ML,1687832205
583,caleta de carquin,-11.0925,-77.6267,20.32,82,46,5.0,PE,1687832205
584,tostado,-29.232,-61.7692,20.55,83,4,0.89,AR,1687832205
585,iskushuban,10.2837,50.23,26.3,60,97,10.97,SO,1687832205
586,zaysan,47.4667,84.8667,22.26,17,36,2.22,KZ,1687832206
587,marsh harbour,26.5412,-77.0636,27.25,84,28,5.56,BS,1687832206
588,boende,-0.2167,20.8667,21.31,97,92,0.64,CD,1687831911
589,channagiri,14.0333,75.9333,22.5,85,100,5.2,IN,1687832206
590,yatou,37.15,122.3833,28.54,58,55,8.5,CN,1687832207
591,dukhan,25.4297,50.7858,31.03,52,29,3.02,QA,1687832207
592,isla del bosque,22.7333,-105.85,28.26,74,7,2.41,MX,1687832207
593,danilovka,50.3557,44.1168,14.35,82,100,7.29,RU,1687832208
594,ponta delgada,37.7333,-25.6667,20.4,83,20,5.66,PT,1687832208
595,gobabis,-22.45,18.9667,8.41,63,0,3.88,NA,1687832208
596,sidney,-33.8679,151.2073,17.95,49,75,5.14,AU,1687832013
597,rocha,-34.4833,-54.3333,13.3,94,100,2.15,UY,1687831912
598,yavas,54.4159,42.8491,13.26,78,100,2.51,RU,1687832209
599,fort-shevchenko,44.5086,50.263,23.47,52,12,6.94,KZ,1687831913
600,laminusa,5.5549,120.9136,28.44,73,98,2.35,PH,1687831913
601,sour el ghozlane,36.1477,3.6912,20.25,49,0,1.07,DZ,1687831936
602,terrace,54.5163,-128.6035,25.68,56,100,2.05,CA,1687831766
603,phan rang-thap cham,11.5667,108.9833,29.98,66,90,0.48,VN,1687832210
604,ivdel',60.6911,60.4206,14.74,54,27,1.09,RU,1687832210
605,shihezi,44.3,86.0333,24.53,20,0,2.48,CN,1687831914
606,qarqaraly,49.4058,75.4742,20.76,34,84,7.49,KZ,1687832210
607,stepnoye,51.4,46.8667,14.5,63,100,3.14,RU,1687832211
608,ambagarh chauki,20.7833,80.7167,23.59,95,100,6.03,IN,1687832211
609,songjiang,31.036,121.2146,29.47,68,68,3.24,CN,1687831946
610,rio rico,31.4715,-110.9765,37.8,12,0,5.66,US,1687832212
